{"pitch": [-0.9718083844999014, 4.160120974116631, 145.75019936106176, 149.97833079621526], "energy": [-0.8753662705421448, 6.660801410675049, 32.84467795284634, 37.52106845880926]}