{"pitch": [-1.1978048102577112, 3.5063523269878623, 159.97978781360564, 133.56081595563597], "energy": [-1.1700851917266846, 3.868607521057129, 48.70377698514019, 41.62413017187445]}